{
    "loss": 0.09925686568021774,
    "accuracy": 0.9583333134651184
}